{
    "books": [
        {
            "remarks": "",
            "borrower_id": "",
            "borrower_name": "",
            "book_type": "קודש",
            "loaning_date": "",
            "book_condition": "חדש",
            "is_borrowed": "לא",
            "amount_in_archive": "2",
            "shelf": "A1",
            "publisher": "גל אור",
            "author": "הרב יורם",
            "age_group": "13",
            "grade": "ה",
            "series_part": "1 2 3 4",
            "series_name": "א ב ג ד",
            "book_title": "בצור ירום",
            "book_id": "43500"
        },
        {
            "remarks": "",
            "book_condition": "חדש",
            "amount_in_archive": "2",
            "shelf": "A1",
            "loaning_date": "18/09/2023",
            "borrower_name": "אורי הלוי",
            "borrower_id": "34343",
            "is_borrowed": "כן",
            "series_part": "1 2 3 4",
            "series_name": "א ב ג ד",
            "publisher": "גל אור",
            "author": "הרב יורם",
            "age_group": "15",
            "grade": "ה",
            "book_type": "קודש",
            "book_title": "בצור ירום",
            "book_id": "18921"
        },
        {
            "remarks": "אין לי מה להעיר",
            "book_condition": "חדש",
            "amount_in_archive": "1",
            "shelf": "A1",
            "loaning_date": "22/09/2023",
            "borrower_name": "אורי הלוי (מורה)",
            "borrower_id": "20712234023443",
            "is_borrowed": "כן",
            "series_part": "1 2 3 4",
            "series_name": "א ב ג ד",
            "publisher": "גל אור",
            "author": "הרב יורם",
            "age_group": "14",
            "grade": "ה",
            "book_type": "קודש",
            "book_title": "בצור ירום",
            "book_id": "78346"
        }
    ]
}