{
    "books": [
        {
            "book_id": "6148",
            "book_title": "משנה ברורה",
            "series_name": "",
            "series_part": "א",
            "grade": "ו",
            "age_group": "12",
            "author": "רבי ישראל מאיר הכהן",
            "publisher": "מכון איש מצליח",
            "shelf": "A1",
            "amount_in_archive": "4",
            "is_borrowed": "לא",
            "book_condition": "חדש",
            "book_type": "קודש",
            "loaning_date": "",
            "borrower_name": "",
            "borrower_id": "",
            "remarks": ""
        },
        {
            "book_id": "2540",
            "book_title": "משנה ברורה",
            "series_name": "",
            "series_part": "א",
            "grade": "ו",
            "age_group": "12",
            "author": "רבי ישראל מאיר הכהן",
            "publisher": "מכון איש מצליח",
            "shelf": "A1",
            "amount_in_archive": "4",
            "is_borrowed": "לא",
            "book_condition": "חדש",
            "book_type": "קודש",
            "loaning_date": "",
            "borrower_name": "",
            "borrower_id": "",
            "remarks": ""
        },
        {
            "book_id": "1407",
            "book_title": "משנה ברורה",
            "series_name": "",
            "series_part": "א",
            "grade": "ו",
            "age_group": "12",
            "author": "רבי ישראל מאיר הכהן",
            "publisher": "מכון איש מצליח",
            "shelf": "A1",
            "amount_in_archive": "4",
            "is_borrowed": "כן",
            "book_condition": "חדש",
            "book_type": "קודש",
            "loaning_date": "03/10/2023",
            "borrower_name": "יחיאל קאקון (תלמיד)",
            "borrower_id": "207144322",
            "remarks": ""
        },
        {
            "book_id": "6493",
            "book_title": "משנה ברורה",
            "series_name": "",
            "series_part": "א",
            "grade": "ו",
            "age_group": "12",
            "author": "רבי ישראל מאיר הכהן",
            "publisher": "מכון איש מצליח",
            "shelf": "A1",
            "amount_in_archive": "4",
            "is_borrowed": "לא",
            "book_condition": "חדש",
            "book_type": "קודש",
            "loaning_date": "",
            "borrower_name": "",
            "borrower_id": "",
            "remarks": ""
        },
        {
            "book_id": "3469",
            "book_title": "משנה ברורה",
            "series_name": "",
            "series_part": "ב",
            "grade": "ז",
            "age_group": "13",
            "author": "רבי ישראל מאיר הכהן",
            "publisher": "מכון איש מצליח",
            "shelf": "A2",
            "amount_in_archive": "4",
            "is_borrowed": "לא",
            "book_condition": "חדש",
            "book_type": "קודש",
            "loaning_date": "",
            "borrower_name": "",
            "borrower_id": "",
            "remarks": ""
        },
        {
            "book_id": "2159",
            "book_title": "משנה ברורה",
            "series_name": "",
            "series_part": "ב",
            "grade": "ז",
            "age_group": "13",
            "author": "רבי ישראל מאיר הכהן",
            "publisher": "מכון איש מצליח",
            "shelf": "A2",
            "amount_in_archive": "4",
            "is_borrowed": "כן",
            "book_condition": "חדש",
            "book_type": "קודש",
            "loaning_date": "03/10/2023",
            "borrower_name": "יואל קאקון (מורה)",
            "borrower_id": "207144366",
            "remarks": ""
        },
        {
            "book_id": "9186",
            "book_title": "משנה ברורה",
            "series_name": "",
            "series_part": "ב",
            "grade": "ז",
            "age_group": "13",
            "author": "רבי ישראל מאיר הכהן",
            "publisher": "מכון איש מצליח",
            "shelf": "A2",
            "amount_in_archive": "4",
            "is_borrowed": "כן",
            "book_condition": "חדש",
            "book_type": "קודש",
            "loaning_date": "03/10/2023",
            "borrower_name": "יואל קאקון (מורה)",
            "borrower_id": "207144366",
            "remarks": ""
        },
        {
            "book_id": "8642",
            "book_title": "משנה ברורה",
            "series_name": "",
            "series_part": "ב",
            "grade": "ז",
            "age_group": "13",
            "author": "רבי ישראל מאיר הכהן",
            "publisher": "מכון איש מצליח",
            "shelf": "A2",
            "amount_in_archive": "4",
            "is_borrowed": "כן",
            "book_condition": "חדש",
            "book_type": "קודש",
            "loaning_date": "03/10/2023",
            "borrower_name": "יואל קאקון (מורה)",
            "borrower_id": "207144366",
            "remarks": ""
        },
        {
            "book_id": "7899",
            "book_title": "משנה ברורה",
            "series_name": "",
            "series_part": "ג",
            "grade": "ח",
            "age_group": "14",
            "author": "רבי ישראל מאיר הכהן",
            "publisher": "מכון איש מצליח",
            "shelf": "A3",
            "amount_in_archive": "4",
            "is_borrowed": "לא",
            "book_condition": "חדש",
            "book_type": "קודש",
            "loaning_date": "",
            "borrower_name": "",
            "borrower_id": "",
            "remarks": ""
        },
        {
            "book_id": "3406",
            "book_title": "משנה ברורה",
            "series_name": "",
            "series_part": "ג",
            "grade": "ח",
            "age_group": "14",
            "author": "רבי ישראל מאיר הכהן",
            "publisher": "מכון איש מצליח",
            "shelf": "A3",
            "amount_in_archive": "4",
            "is_borrowed": "כן",
            "book_condition": "חדש",
            "book_type": "קודש",
            "loaning_date": "03/10/2023",
            "borrower_name": "יהודה בן סעדון (הנהלה)",
            "borrower_id": "215777986",
            "remarks": "הערות"
        },
        {
            "book_id": "2934",
            "book_title": "משנה ברורה",
            "series_name": "",
            "series_part": "ג",
            "grade": "ח",
            "age_group": "14",
            "author": "רבי ישראל מאיר הכהן",
            "publisher": "מכון איש מצליח",
            "shelf": "A3",
            "amount_in_archive": "4",
            "is_borrowed": "לא",
            "book_condition": "חדש",
            "book_type": "קודש",
            "loaning_date": "",
            "borrower_name": "",
            "borrower_id": "",
            "remarks": ""
        },
        {
            "book_id": "3582",
            "book_title": "משנה ברורה",
            "series_name": "",
            "series_part": "ג",
            "grade": "ח",
            "age_group": "14",
            "author": "רבי ישראל מאיר הכהן",
            "publisher": "מכון איש מצליח",
            "shelf": "A3",
            "amount_in_archive": "4",
            "is_borrowed": "לא",
            "book_condition": "חדש",
            "book_type": "קודש",
            "loaning_date": "",
            "borrower_name": "",
            "borrower_id": "",
            "remarks": ""
        },
        {
            "book_id": "1929",
            "book_title": "משנה ברורה",
            "series_name": "",
            "series_part": "ד",
            "grade": "ט",
            "age_group": "15",
            "author": "רבי ישראל מאיר הכהן",
            "publisher": "מכון איש מצליח",
            "shelf": "A4",
            "amount_in_archive": "4",
            "is_borrowed": "כן",
            "book_condition": "חדש",
            "book_type": "קודש",
            "loaning_date": "03/10/2023",
            "borrower_name": "יקיר עטרי (הנהלה)",
            "borrower_id": "207888564",
            "remarks": ""
        },
        {
            "book_id": "4325",
            "book_title": "משנה ברורה",
            "series_name": "",
            "series_part": "ד",
            "grade": "ט",
            "age_group": "15",
            "author": "רבי ישראל מאיר הכהן",
            "publisher": "מכון איש מצליח",
            "shelf": "A4",
            "amount_in_archive": "4",
            "is_borrowed": "לא",
            "book_condition": "חדש",
            "book_type": "קודש",
            "loaning_date": "",
            "borrower_name": "",
            "borrower_id": "",
            "remarks": ""
        },
        {
            "book_id": "1788",
            "book_title": "משנה ברורה",
            "series_name": "",
            "series_part": "ד",
            "grade": "ט",
            "age_group": "15",
            "author": "רבי ישראל מאיר הכהן",
            "publisher": "מכון איש מצליח",
            "shelf": "A4",
            "amount_in_archive": "4",
            "is_borrowed": "לא",
            "book_condition": "חדש",
            "book_type": "קודש",
            "loaning_date": "",
            "borrower_name": "",
            "borrower_id": "",
            "remarks": ""
        },
        {
            "book_id": "3291",
            "book_title": "משנה ברורה",
            "series_name": "",
            "series_part": "ד",
            "grade": "ט",
            "age_group": "15",
            "author": "רבי ישראל מאיר הכהן",
            "publisher": "מכון איש מצליח",
            "shelf": "A4",
            "amount_in_archive": "4",
            "is_borrowed": "כן",
            "book_condition": "חדש",
            "book_type": "קודש",
            "loaning_date": "03/10/2023",
            "borrower_name": "יקיר עטרי (הנהלה)",
            "borrower_id": "207888564",
            "remarks": ""
        },
        {
            "book_id": "4835",
            "book_title": "משנה ברורה",
            "series_name": "",
            "series_part": "ה",
            "grade": "י",
            "age_group": "16",
            "author": "רבי ישראל מאיר הכהן",
            "publisher": "מכון איש מצליח",
            "shelf": "A5",
            "amount_in_archive": "4",
            "is_borrowed": "לא",
            "book_condition": "חדש",
            "book_type": "קודש",
            "loaning_date": "",
            "borrower_name": "",
            "borrower_id": "",
            "remarks": ""
        },
        {
            "book_id": "8019",
            "book_title": "משנה ברורה",
            "series_name": "",
            "series_part": "ה",
            "grade": "י",
            "age_group": "16",
            "author": "רבי ישראל מאיר הכהן",
            "publisher": "מכון איש מצליח",
            "shelf": "A5",
            "amount_in_archive": "4",
            "is_borrowed": "לא",
            "book_condition": "חדש",
            "book_type": "קודש",
            "loaning_date": "",
            "borrower_name": "",
            "borrower_id": "",
            "remarks": ""
        },
        {
            "book_id": "1926",
            "book_title": "משנה ברורה",
            "series_name": "",
            "series_part": "ה",
            "grade": "י",
            "age_group": "16",
            "author": "רבי ישראל מאיר הכהן",
            "publisher": "מכון איש מצליח",
            "shelf": "A5",
            "amount_in_archive": "4",
            "is_borrowed": "לא",
            "book_condition": "חדש",
            "book_type": "קודש",
            "loaning_date": "",
            "borrower_name": "",
            "borrower_id": "",
            "remarks": ""
        },
        {
            "book_id": "2441",
            "book_title": "משנה ברורה",
            "series_name": "",
            "series_part": "ה",
            "grade": "י",
            "age_group": "16",
            "author": "רבי ישראל מאיר הכהן",
            "publisher": "מכון איש מצליח",
            "shelf": "A5",
            "amount_in_archive": "4",
            "is_borrowed": "כן",
            "book_condition": "חדש",
            "book_type": "קודש",
            "loaning_date": "03/10/2023",
            "borrower_name": "יהודה בן סעדון (הנהלה)",
            "borrower_id": "215777986",
            "remarks": "הערות"
        },
        {
            "book_id": "7271",
            "book_title": "משנה ברורה",
            "series_name": "",
            "series_part": "ו",
            "grade": "יא",
            "age_group": "17",
            "author": "רבי ישראל מאיר הכהן",
            "publisher": "מכון איש מצליח",
            "shelf": "A6",
            "amount_in_archive": "5",
            "is_borrowed": "לא",
            "book_condition": "חדש",
            "book_type": "קודש",
            "loaning_date": "",
            "borrower_name": "",
            "borrower_id": "",
            "remarks": ""
        },
        {
            "book_id": "4399",
            "book_title": "משנה ברורה",
            "series_name": "",
            "series_part": "ו",
            "grade": "יא",
            "age_group": "17",
            "author": "רבי ישראל מאיר הכהן",
            "publisher": "מכון איש מצליח",
            "shelf": "A6",
            "amount_in_archive": "5",
            "is_borrowed": "לא",
            "book_condition": "חדש",
            "book_type": "קודש",
            "loaning_date": "",
            "borrower_name": "",
            "borrower_id": "",
            "remarks": ""
        },
        {
            "book_id": "6808",
            "book_title": "משנה ברורה",
            "series_name": "",
            "series_part": "ו",
            "grade": "יא",
            "age_group": "17",
            "author": "רבי ישראל מאיר הכהן",
            "publisher": "מכון איש מצליח",
            "shelf": "A6",
            "amount_in_archive": "5",
            "is_borrowed": "לא",
            "book_condition": "חדש",
            "book_type": "קודש",
            "loaning_date": "",
            "borrower_name": "",
            "borrower_id": "",
            "remarks": ""
        },
        {
            "book_id": "4996",
            "book_title": "משנה ברורה",
            "series_name": "",
            "series_part": "ו",
            "grade": "יא",
            "age_group": "17",
            "author": "רבי ישראל מאיר הכהן",
            "publisher": "מכון איש מצליח",
            "shelf": "A6",
            "amount_in_archive": "5",
            "is_borrowed": "לא",
            "book_condition": "חדש",
            "book_type": "קודש",
            "loaning_date": "",
            "borrower_name": "",
            "borrower_id": "",
            "remarks": ""
        },
        {
            "book_id": "5330",
            "book_title": "משנה ברורה",
            "series_name": "",
            "series_part": "ו",
            "grade": "יא",
            "age_group": "17",
            "author": "רבי ישראל מאיר הכהן",
            "publisher": "מכון איש מצליח",
            "shelf": "A6",
            "amount_in_archive": "5",
            "is_borrowed": "כן",
            "book_condition": "חדש",
            "book_type": "קודש",
            "loaning_date": "03/10/2023",
            "borrower_name": "יהודה בן סעדון (הנהלה)",
            "borrower_id": "215777986",
            "remarks": "הערות"
        },
        {
            "book_id": "2119",
            "book_title": "קומיקסבא",
            "series_name": "קומיקסבא",
            "series_part": "ענווה",
            "grade": "",
            "age_group": "",
            "author": "מאיר למברסקי",
            "publisher": "יפה נוף",
            "shelf": "B1",
            "amount_in_archive": "7",
            "is_borrowed": "לא",
            "book_condition": "משומש",
            "book_type": "קריאה",
            "loaning_date": "",
            "borrower_name": "",
            "borrower_id": "",
            "remarks": ""
        },
        {
            "book_id": "5364",
            "book_title": "קומיקסבא",
            "series_name": "קומיקסבא",
            "series_part": "ענווה",
            "grade": "",
            "age_group": "",
            "author": "מאיר למברסקי",
            "publisher": "יפה נוף",
            "shelf": "B1",
            "amount_in_archive": "7",
            "is_borrowed": "לא",
            "book_condition": "משומש",
            "book_type": "קריאה",
            "loaning_date": "",
            "borrower_name": "",
            "borrower_id": "",
            "remarks": ""
        },
        {
            "book_id": "4182",
            "book_title": "קומיקסבא",
            "series_name": "קומיקסבא",
            "series_part": "ענווה",
            "grade": "",
            "age_group": "",
            "author": "מאיר למברסקי",
            "publisher": "יפה נוף",
            "shelf": "B1",
            "amount_in_archive": "7",
            "is_borrowed": "לא",
            "book_condition": "משומש",
            "book_type": "קריאה",
            "loaning_date": "",
            "borrower_name": "",
            "borrower_id": "",
            "remarks": ""
        },
        {
            "book_id": "8604",
            "book_title": "קומיקסבא",
            "series_name": "קומיקסבא",
            "series_part": "ענווה",
            "grade": "",
            "age_group": "",
            "author": "מאיר למברסקי",
            "publisher": "יפה נוף",
            "shelf": "B1",
            "amount_in_archive": "7",
            "is_borrowed": "כן",
            "book_condition": "משומש",
            "book_type": "קריאה",
            "loaning_date": "03/10/2023",
            "borrower_name": "יקיר עטרי (הנהלה)",
            "borrower_id": "207888564",
            "remarks": ""
        },
        {
            "book_id": "7867",
            "book_title": "קומיקסבא",
            "series_name": "קומיקסבא",
            "series_part": "ענווה",
            "grade": "",
            "age_group": "",
            "author": "מאיר למברסקי",
            "publisher": "יפה נוף",
            "shelf": "B1",
            "amount_in_archive": "7",
            "is_borrowed": "לא",
            "book_condition": "משומש",
            "book_type": "קריאה",
            "loaning_date": "",
            "borrower_name": "",
            "borrower_id": "",
            "remarks": ""
        },
        {
            "book_id": "1578",
            "book_title": "קומיקסבא",
            "series_name": "קומיקסבא",
            "series_part": "ענווה",
            "grade": "",
            "age_group": "",
            "author": "מאיר למברסקי",
            "publisher": "יפה נוף",
            "shelf": "B1",
            "amount_in_archive": "7",
            "is_borrowed": "לא",
            "book_condition": "משומש",
            "book_type": "קריאה",
            "loaning_date": "",
            "borrower_name": "",
            "borrower_id": "",
            "remarks": ""
        },
        {
            "book_id": "7603",
            "book_title": "קומיקסבא",
            "series_name": "קומיקסבא",
            "series_part": "ענווה",
            "grade": "",
            "age_group": "",
            "author": "מאיר למברסקי",
            "publisher": "יפה נוף",
            "shelf": "B1",
            "amount_in_archive": "7",
            "is_borrowed": "לא",
            "book_condition": "משומש",
            "book_type": "קריאה",
            "loaning_date": "",
            "borrower_name": "",
            "borrower_id": "",
            "remarks": ""
        },
        {
            "book_id": "5745",
            "book_title": "חלונות אור",
            "series_name": "",
            "series_part": "1",
            "grade": "",
            "age_group": "14",
            "author": "שרה ליאון",
            "publisher": "יפה נוף",
            "shelf": "B2",
            "amount_in_archive": "5",
            "is_borrowed": "לא",
            "book_condition": "לא ידוע",
            "book_type": "קריאה",
            "loaning_date": "",
            "borrower_name": "",
            "borrower_id": "",
            "remarks": ""
        },
        {
            "book_id": "8294",
            "book_title": "חלונות אור",
            "series_name": "",
            "series_part": "1",
            "grade": "",
            "age_group": "14",
            "author": "שרה ליאון",
            "publisher": "יפה נוף",
            "shelf": "B2",
            "amount_in_archive": "5",
            "is_borrowed": "כן",
            "book_condition": "לא ידוע",
            "book_type": "קריאה",
            "loaning_date": "03/10/2023",
            "borrower_name": "ינון כחלון (הנהלה)",
            "borrower_id": "9887665345",
            "remarks": "הערה אחת"
        },
        {
            "book_id": "8418",
            "book_title": "חלונות אור",
            "series_name": "",
            "series_part": "1",
            "grade": "",
            "age_group": "14",
            "author": "שרה ליאון",
            "publisher": "יפה נוף",
            "shelf": "B2",
            "amount_in_archive": "5",
            "is_borrowed": "לא",
            "book_condition": "לא ידוע",
            "book_type": "קריאה",
            "loaning_date": "",
            "borrower_name": "",
            "borrower_id": "",
            "remarks": ""
        },
        {
            "book_id": "7943",
            "book_title": "חלונות אור",
            "series_name": "",
            "series_part": "1",
            "grade": "",
            "age_group": "14",
            "author": "שרה ליאון",
            "publisher": "יפה נוף",
            "shelf": "B2",
            "amount_in_archive": "5",
            "is_borrowed": "לא",
            "book_condition": "לא ידוע",
            "book_type": "קריאה",
            "loaning_date": "",
            "borrower_name": "",
            "borrower_id": "",
            "remarks": ""
        },
        {
            "book_id": "6555",
            "book_title": "חלונות אור",
            "series_name": "",
            "series_part": "1",
            "grade": "",
            "age_group": "14",
            "author": "שרה ליאון",
            "publisher": "יפה נוף",
            "shelf": "B2",
            "amount_in_archive": "5",
            "is_borrowed": "לא",
            "book_condition": "לא ידוע",
            "book_type": "קריאה",
            "loaning_date": "",
            "borrower_name": "",
            "borrower_id": "",
            "remarks": ""
        },
        {
            "book_id": "7708",
            "book_title": "מלחמת מוחות",
            "series_name": "",
            "series_part": "",
            "grade": "",
            "age_group": "12",
            "author": "מ. הרשקוביץ",
            "publisher": "יפה נוף",
            "shelf": "C1",
            "amount_in_archive": "6",
            "is_borrowed": "לא",
            "book_condition": "חדש",
            "book_type": "קריאה",
            "loaning_date": "",
            "borrower_name": "",
            "borrower_id": "",
            "remarks": ""
        },
        {
            "book_id": "7537",
            "book_title": "מלחמת מוחות",
            "series_name": "",
            "series_part": "",
            "grade": "",
            "age_group": "12",
            "author": "מ. הרשקוביץ",
            "publisher": "יפה נוף",
            "shelf": "C1",
            "amount_in_archive": "6",
            "is_borrowed": "לא",
            "book_condition": "חדש",
            "book_type": "קריאה",
            "loaning_date": "",
            "borrower_name": "",
            "borrower_id": "",
            "remarks": ""
        },
        {
            "book_id": "2628",
            "book_title": "מלחמת מוחות",
            "series_name": "",
            "series_part": "",
            "grade": "",
            "age_group": "12",
            "author": "מ. הרשקוביץ",
            "publisher": "יפה נוף",
            "shelf": "C1",
            "amount_in_archive": "6",
            "is_borrowed": "לא",
            "book_condition": "חדש",
            "book_type": "קריאה",
            "loaning_date": "",
            "borrower_name": "",
            "borrower_id": "",
            "remarks": ""
        },
        {
            "book_id": "3004",
            "book_title": "מלחמת מוחות",
            "series_name": "",
            "series_part": "",
            "grade": "",
            "age_group": "12",
            "author": "מ. הרשקוביץ",
            "publisher": "יפה נוף",
            "shelf": "C1",
            "amount_in_archive": "6",
            "is_borrowed": "כן",
            "book_condition": "חדש",
            "book_type": "קריאה",
            "loaning_date": "03/10/2023",
            "borrower_name": "ינון כחלון (הנהלה)",
            "borrower_id": "9887665345",
            "remarks": "הערה אחת"
        },
        {
            "book_id": "8965",
            "book_title": "מלחמת מוחות",
            "series_name": "",
            "series_part": "",
            "grade": "",
            "age_group": "12",
            "author": "מ. הרשקוביץ",
            "publisher": "יפה נוף",
            "shelf": "C1",
            "amount_in_archive": "6",
            "is_borrowed": "לא",
            "book_condition": "חדש",
            "book_type": "קריאה",
            "loaning_date": "",
            "borrower_name": "",
            "borrower_id": "",
            "remarks": ""
        },
        {
            "book_id": "7377",
            "book_title": "מלחמת מוחות",
            "series_name": "",
            "series_part": "",
            "grade": "",
            "age_group": "12",
            "author": "מ. הרשקוביץ",
            "publisher": "יפה נוף",
            "shelf": "C1",
            "amount_in_archive": "6",
            "is_borrowed": "לא",
            "book_condition": "חדש",
            "book_type": "קריאה",
            "loaning_date": "",
            "borrower_name": "",
            "borrower_id": "",
            "remarks": ""
        },
        {
            "book_id": "3613",
            "book_title": "התרסקות",
            "series_name": "",
            "series_part": "לוציוס רבל",
            "grade": "",
            "age_group": "16",
            "author": "נחמן גרשנוביץ",
            "publisher": "",
            "shelf": "",
            "amount_in_archive": "4",
            "is_borrowed": "כן",
            "book_condition": "חדש",
            "book_type": "קריאה",
            "loaning_date": "03/10/2023",
            "borrower_name": "ינון כחלון (הנהלה)",
            "borrower_id": "9887665345",
            "remarks": "הערה אחת"
        },
        {
            "book_id": "5415",
            "book_title": "התרסקות",
            "series_name": "",
            "series_part": "לוציוס רבל",
            "grade": "",
            "age_group": "16",
            "author": "נחמן גרשנוביץ",
            "publisher": "",
            "shelf": "",
            "amount_in_archive": "4",
            "is_borrowed": "לא",
            "book_condition": "חדש",
            "book_type": "קריאה",
            "loaning_date": "",
            "borrower_name": "",
            "borrower_id": "",
            "remarks": ""
        },
        {
            "book_id": "7396",
            "book_title": "התרסקות",
            "series_name": "",
            "series_part": "לוציוס רבל",
            "grade": "",
            "age_group": "16",
            "author": "נחמן גרשנוביץ",
            "publisher": "",
            "shelf": "",
            "amount_in_archive": "4",
            "is_borrowed": "לא",
            "book_condition": "חדש",
            "book_type": "קריאה",
            "loaning_date": "",
            "borrower_name": "",
            "borrower_id": "",
            "remarks": ""
        },
        {
            "book_id": "5274",
            "book_title": "התרסקות",
            "series_name": "",
            "series_part": "לוציוס רבל",
            "grade": "",
            "age_group": "16",
            "author": "נחמן גרשנוביץ",
            "publisher": "",
            "shelf": "",
            "amount_in_archive": "4",
            "is_borrowed": "לא",
            "book_condition": "חדש",
            "book_type": "קריאה",
            "loaning_date": "",
            "borrower_name": "",
            "borrower_id": "",
            "remarks": ""
        },
        {
            "book_id": "9121",
            "book_title": "הבריחה מאוקראינה",
            "series_name": "",
            "series_part": "2",
            "grade": "",
            "age_group": "12",
            "author": "",
            "publisher": "מלכות הכתר",
            "shelf": "",
            "amount_in_archive": "5",
            "is_borrowed": "לא",
            "book_condition": "חדש",
            "book_type": "קריאה",
            "loaning_date": "",
            "borrower_name": "",
            "borrower_id": "",
            "remarks": ""
        },
        {
            "book_id": "1818",
            "book_title": "הבריחה מאוקראינה",
            "series_name": "",
            "series_part": "2",
            "grade": "",
            "age_group": "12",
            "author": "",
            "publisher": "מלכות הכתר",
            "shelf": "",
            "amount_in_archive": "5",
            "is_borrowed": "לא",
            "book_condition": "חדש",
            "book_type": "קריאה",
            "loaning_date": "",
            "borrower_name": "",
            "borrower_id": "",
            "remarks": ""
        },
        {
            "book_id": "7817",
            "book_title": "הבריחה מאוקראינה",
            "series_name": "",
            "series_part": "2",
            "grade": "",
            "age_group": "12",
            "author": "",
            "publisher": "מלכות הכתר",
            "shelf": "",
            "amount_in_archive": "5",
            "is_borrowed": "כן",
            "book_condition": "חדש",
            "book_type": "קריאה",
            "loaning_date": "03/10/2023",
            "borrower_name": "ינון כחלון (הנהלה)",
            "borrower_id": "9887665345",
            "remarks": "הערה אחת"
        },
        {
            "book_id": "5209",
            "book_title": "הבריחה מאוקראינה",
            "series_name": "",
            "series_part": "2",
            "grade": "",
            "age_group": "12",
            "author": "",
            "publisher": "מלכות הכתר",
            "shelf": "",
            "amount_in_archive": "5",
            "is_borrowed": "לא",
            "book_condition": "חדש",
            "book_type": "קריאה",
            "loaning_date": "",
            "borrower_name": "",
            "borrower_id": "",
            "remarks": ""
        },
        {
            "book_id": "1402",
            "book_title": "הבריחה מאוקראינה",
            "series_name": "",
            "series_part": "2",
            "grade": "",
            "age_group": "12",
            "author": "",
            "publisher": "מלכות הכתר",
            "shelf": "",
            "amount_in_archive": "5",
            "is_borrowed": "לא",
            "book_condition": "חדש",
            "book_type": "קריאה",
            "loaning_date": "",
            "borrower_name": "",
            "borrower_id": "",
            "remarks": ""
        },
        {
            "book_id": "4878",
            "book_title": "הבריחה מאוקראינה",
            "series_name": "",
            "series_part": "1",
            "grade": "",
            "age_group": "12",
            "author": "",
            "publisher": "מלכות הכתר",
            "shelf": "",
            "amount_in_archive": "5",
            "is_borrowed": "לא",
            "book_condition": "חדש",
            "book_type": "קריאה",
            "loaning_date": "",
            "borrower_name": "",
            "borrower_id": "",
            "remarks": ""
        },
        {
            "book_id": "3031",
            "book_title": "הבריחה מאוקראינה",
            "series_name": "",
            "series_part": "1",
            "grade": "",
            "age_group": "12",
            "author": "",
            "publisher": "מלכות הכתר",
            "shelf": "",
            "amount_in_archive": "5",
            "is_borrowed": "לא",
            "book_condition": "חדש",
            "book_type": "קריאה",
            "loaning_date": "",
            "borrower_name": "",
            "borrower_id": "",
            "remarks": ""
        },
        {
            "book_id": "5151",
            "book_title": "הבריחה מאוקראינה",
            "series_name": "",
            "series_part": "1",
            "grade": "",
            "age_group": "12",
            "author": "",
            "publisher": "מלכות הכתר",
            "shelf": "",
            "amount_in_archive": "5",
            "is_borrowed": "כן",
            "book_condition": "חדש",
            "book_type": "קריאה",
            "loaning_date": "03/10/2023",
            "borrower_name": "ינון כחלון (הנהלה)",
            "borrower_id": "9887665345",
            "remarks": "הערה אחת"
        },
        {
            "book_id": "9510",
            "book_title": "הבריחה מאוקראינה",
            "series_name": "",
            "series_part": "1",
            "grade": "",
            "age_group": "12",
            "author": "",
            "publisher": "מלכות הכתר",
            "shelf": "",
            "amount_in_archive": "5",
            "is_borrowed": "לא",
            "book_condition": "חדש",
            "book_type": "קריאה",
            "loaning_date": "",
            "borrower_name": "",
            "borrower_id": "",
            "remarks": ""
        },
        {
            "book_id": "3609",
            "book_title": "הבריחה מאוקראינה",
            "series_name": "",
            "series_part": "1",
            "grade": "",
            "age_group": "12",
            "author": "",
            "publisher": "מלכות הכתר",
            "shelf": "",
            "amount_in_archive": "5",
            "is_borrowed": "לא",
            "book_condition": "חדש",
            "book_type": "קריאה",
            "loaning_date": "",
            "borrower_name": "",
            "borrower_id": "",
            "remarks": ""
        },
        {
            "book_id": "9150",
            "book_title": "לאה ואליהו בכפר שמריהו",
            "series_name": "",
            "series_part": "בלון אדום",
            "grade": "",
            "age_group": "4",
            "author": "",
            "publisher": "הוצאת אורות",
            "shelf": "R4",
            "amount_in_archive": "6",
            "is_borrowed": "לא",
            "book_condition": "קרוע",
            "book_type": "קריאה",
            "loaning_date": "",
            "borrower_name": "",
            "borrower_id": "",
            "remarks": ""
        },
        {
            "book_id": "5240",
            "book_title": "לאה ואליהו בכפר שמריהו",
            "series_name": "",
            "series_part": "בלון אדום",
            "grade": "",
            "age_group": "4",
            "author": "",
            "publisher": "הוצאת אורות",
            "shelf": "R4",
            "amount_in_archive": "6",
            "is_borrowed": "לא",
            "book_condition": "קרוע",
            "book_type": "קריאה",
            "loaning_date": "",
            "borrower_name": "",
            "borrower_id": "",
            "remarks": ""
        },
        {
            "book_id": "4874",
            "book_title": "לאה ואליהו בכפר שמריהו",
            "series_name": "",
            "series_part": "בלון אדום",
            "grade": "",
            "age_group": "4",
            "author": "",
            "publisher": "הוצאת אורות",
            "shelf": "R4",
            "amount_in_archive": "6",
            "is_borrowed": "כן",
            "book_condition": "קרוע",
            "book_type": "קריאה",
            "loaning_date": "22/10/2023",
            "borrower_name": "יעקב אורשלימי (תלמיד)",
            "borrower_id": "",
            "remarks": ""
        },
        {
            "book_id": "3558",
            "book_title": "לאה ואליהו בכפר שמריהו",
            "series_name": "",
            "series_part": "בלון אדום",
            "grade": "",
            "age_group": "4",
            "author": "",
            "publisher": "הוצאת אורות",
            "shelf": "R4",
            "amount_in_archive": "6",
            "is_borrowed": "לא",
            "book_condition": "קרוע",
            "book_type": "קריאה",
            "loaning_date": "",
            "borrower_name": "",
            "borrower_id": "",
            "remarks": ""
        },
        {
            "book_id": "5468",
            "book_title": "לאה ואליהו בכפר שמריהו",
            "series_name": "",
            "series_part": "בלון אדום",
            "grade": "",
            "age_group": "4",
            "author": "",
            "publisher": "הוצאת אורות",
            "shelf": "R4",
            "amount_in_archive": "6",
            "is_borrowed": "לא",
            "book_condition": "קרוע",
            "book_type": "קריאה",
            "loaning_date": "",
            "borrower_name": "",
            "borrower_id": "",
            "remarks": ""
        },
        {
            "book_id": "6682",
            "book_title": "לאה ואליהו בכפר שמריהו",
            "series_name": "",
            "series_part": "בלון אדום",
            "grade": "",
            "age_group": "4",
            "author": "",
            "publisher": "הוצאת אורות",
            "shelf": "R4",
            "amount_in_archive": "6",
            "is_borrowed": "כן",
            "book_condition": "קרוע",
            "book_type": "קריאה",
            "loaning_date": "22/10/2023",
            "borrower_name": "יעקב אורשלימי (תלמיד)",
            "borrower_id": "",
            "remarks": ""
        },
        {
            "book_id": "6191",
            "book_title": "אורות ההלכה",
            "series_name": "",
            "series_part": "א - ב",
            "grade": "ה ו",
            "age_group": "",
            "author": "",
            "publisher": "",
            "shelf": "T5",
            "amount_in_archive": "7",
            "is_borrowed": "לא",
            "book_condition": "משומש",
            "book_type": "קודש",
            "loaning_date": "",
            "borrower_name": "",
            "borrower_id": "",
            "remarks": ""
        },
        {
            "book_id": "7767",
            "book_title": "אורות ההלכה",
            "series_name": "",
            "series_part": "א - ב",
            "grade": "ה ו",
            "age_group": "",
            "author": "",
            "publisher": "",
            "shelf": "T5",
            "amount_in_archive": "7",
            "is_borrowed": "לא",
            "book_condition": "משומש",
            "book_type": "קודש",
            "loaning_date": "",
            "borrower_name": "",
            "borrower_id": "",
            "remarks": ""
        },
        {
            "book_id": "8657",
            "book_title": "אורות ההלכה",
            "series_name": "",
            "series_part": "א - ב",
            "grade": "ה ו",
            "age_group": "",
            "author": "",
            "publisher": "",
            "shelf": "T5",
            "amount_in_archive": "7",
            "is_borrowed": "כן",
            "book_condition": "משומש",
            "book_type": "קודש",
            "loaning_date": "22/10/2023",
            "borrower_name": "יעקב אורשלימי (תלמיד)",
            "borrower_id": "",
            "remarks": ""
        },
        {
            "book_id": "5184",
            "book_title": "אורות ההלכה",
            "series_name": "",
            "series_part": "א - ב",
            "grade": "ה ו",
            "age_group": "",
            "author": "",
            "publisher": "",
            "shelf": "T5",
            "amount_in_archive": "7",
            "is_borrowed": "לא",
            "book_condition": "משומש",
            "book_type": "קודש",
            "loaning_date": "",
            "borrower_name": "",
            "borrower_id": "",
            "remarks": ""
        },
        {
            "book_id": "5894",
            "book_title": "אורות ההלכה",
            "series_name": "",
            "series_part": "א - ב",
            "grade": "ה ו",
            "age_group": "",
            "author": "",
            "publisher": "",
            "shelf": "T5",
            "amount_in_archive": "7",
            "is_borrowed": "לא",
            "book_condition": "משומש",
            "book_type": "קודש",
            "loaning_date": "",
            "borrower_name": "",
            "borrower_id": "",
            "remarks": ""
        },
        {
            "book_id": "8850",
            "book_title": "אורות ההלכה",
            "series_name": "",
            "series_part": "א - ב",
            "grade": "ה ו",
            "age_group": "",
            "author": "",
            "publisher": "",
            "shelf": "T5",
            "amount_in_archive": "7",
            "is_borrowed": "כן",
            "book_condition": "משומש",
            "book_type": "קודש",
            "loaning_date": "22/10/2023",
            "borrower_name": "יעקב אורשלימי (תלמיד)",
            "borrower_id": "",
            "remarks": ""
        },
        {
            "book_id": "5238",
            "book_title": "אורות ההלכה",
            "series_name": "",
            "series_part": "א - ב",
            "grade": "ה ו",
            "age_group": "",
            "author": "",
            "publisher": "",
            "shelf": "T5",
            "amount_in_archive": "7",
            "is_borrowed": "לא",
            "book_condition": "משומש",
            "book_type": "קודש",
            "loaning_date": "",
            "borrower_name": "",
            "borrower_id": "",
            "remarks": ""
        }
    ]
}